158,Niewidzialna Wystawa
118,Muzeum Życia w PRL-u
517,Niewidzialna Wystawa
128,Niewidzialna Wystawa,Teatr Narodowy
175,Niewidzialna Wystawa,Teatr Narodowy
157,Niewidzialna Wystawa
111,Teatr Narodowy
138,Muzeum Polskiej Wódki
178,Stacja Muzeum
504,Złote Tarasy,Niewidzialna Wystawa
106,Muzeum Powstania Warszawskiego
525,Złote Tarasy
521,Niewidzialna Wystawa
159,Muzeum Życia w PRL-u
503,Centrum Nauki Kopernik
519,Złote Tarasy
170,Muzeum Polskiej Wódki
522,Złote Tarasy
131,Złote Tarasy
200,Złote Tarasy
501,Złote Tarasy
160,Złote Tarasy
